{"entities":{"pages":{"Overview":{"id":"Overview","title":"Overview","url":"overview.html","level":0,"pages":["APIs","User-Scenario"],"tabIndex":0},"APIs":{"id":"APIs","title":"API Documentation","url":"apis.html","level":1,"parentId":"Overview","tabIndex":0},"User-Scenario":{"id":"User-Scenario","title":"User Scenario","url":"user-scenario.html","level":1,"parentId":"Overview","tabIndex":1},"APIs-in-OpenAPI":{"id":"APIs-in-OpenAPI","title":"APIs in OpenAPI","url":"apis-in-openapi.html","level":0,"pages":["Log","Static-File","Message","User"],"tabIndex":1},"Log":{"id":"Log","title":"Log","url":"log.html","level":1,"parentId":"APIs-in-OpenAPI","pages":["Create-a-log"],"tabIndex":0},"Create-a-log":{"id":"Create-a-log","title":"Create a log","url":"create-a-log.html","level":2,"parentId":"Log","tabIndex":0},"Static-File":{"id":"Static-File","title":"Static File","url":"static-file.html","level":1,"parentId":"APIs-in-OpenAPI","pages":["api_v1_files_upload_POST"],"tabIndex":1},"api_v1_files_upload_POST":{"id":"api_v1_files_upload_POST","title":"Upload a file","url":"api-v1-files-upload-post.html","level":2,"parentId":"Static-File","tabIndex":0},"Message":{"id":"Message","title":"Message","url":"message.html","level":1,"parentId":"APIs-in-OpenAPI","pages":["api_v1_messages_userId_GET","api_v1_messages_id_PATCH","api_v1_messages_id_DELETE","api_v1_messages_POST"],"tabIndex":2},"api_v1_messages_userId_GET":{"id":"api_v1_messages_userId_GET","title":"Get messages related to a user","url":"api-v1-messages-userid-get.html","level":2,"parentId":"Message","tabIndex":0},"api_v1_messages_id_PATCH":{"id":"api_v1_messages_id_PATCH","title":"Mark message as read","url":"api-v1-messages-id-patch.html","level":2,"parentId":"Message","tabIndex":1},"api_v1_messages_id_DELETE":{"id":"api_v1_messages_id_DELETE","title":"Delete a message","url":"api-v1-messages-id-delete.html","level":2,"parentId":"Message","tabIndex":2},"api_v1_messages_POST":{"id":"api_v1_messages_POST","title":"Send a message to a user","url":"api-v1-messages-post.html","level":2,"parentId":"Message","tabIndex":3},"User":{"id":"User","title":"User","url":"user.html","level":1,"parentId":"APIs-in-OpenAPI","pages":["Create_a_new_user","Update_an_existing_user","Change-the-password","Find_user_by_ID"],"tabIndex":3},"Create_a_new_user":{"id":"Create_a_new_user","title":"Create a new user","url":"create-a-new-user.html","level":2,"parentId":"User","tabIndex":0},"Update_an_existing_user":{"id":"Update_an_existing_user","title":"Update an existing user","url":"update-an-existing-user.html","level":2,"parentId":"User","tabIndex":1},"Change-the-password":{"id":"Change-the-password","title":"Change the password","url":"change-the-password.html","level":2,"parentId":"User","tabIndex":2},"Find_user_by_ID":{"id":"Find_user_by_ID","title":"Find user by ID","url":"find-user-by-id.html","level":2,"parentId":"User","tabIndex":3},"Submodule":{"id":"Submodule","title":"how to use the submodule","url":"submodule.html","level":0,"tabIndex":2}}},"topLevelIds":["Overview","APIs-in-OpenAPI","Submodule"]}